spec_id,megapixels
www.buzzillions.com//2560,16.0
www.buzzillions.com//2075,7.0
www.buzzillions.com//2425,16.0
www.buzzillions.com//1966,10.0
www.buzzillions.com//953,14.0
www.buzzillions.com//2219,12.1
www.buzzillions.com//2537,14.0
www.buzzillions.com//2472,14.0
www.buzzillions.com//2022,12.0
www.buzzillions.com//1874,14.0
www.buzzillions.com//904,16.0
www.buzzillions.com//1931,16.0
www.buzzillions.com//2872,16.0
www.buzzillions.com//2171,12.0
www.buzzillions.com//2034,
www.buzzillions.com//2464,14.0
www.buzzillions.com//1862,10.0
www.buzzillions.com//1927,16.0
www.buzzillions.com//912,
www.buzzillions.com//2258,16.0
www.buzzillions.com//2576,16.0
www.buzzillions.com//2126,14.0
www.buzzillions.com//2960,14.0
www.buzzillions.com//2433,
www.buzzillions.com//2063,18.0
www.buzzillions.com//2599,14.0
www.buzzillions.com//1835,10.0
www.buzzillions.com//945,10.0
www.buzzillions.com//1970,12.0
www.buzzillions.com//2448,20.0
www.buzzillions.com//2274,14.0
www.buzzillions.com//2624,14.0
www.buzzillions.com//2809,18.0
www.buzzillions.com//2673,
www.buzzillions.com//2389,
www.buzzillions.com//969,14.6
www.buzzillions.com//2736,18.0
www.buzzillions.com//986,14.0
www.buzzillions.com//2366,12.0
www.buzzillions.com//2409,
www.buzzillions.com//2059,12.1
www.buzzillions.com//1049,8.0
www.buzzillions.com//2370,14.0
www.buzzillions.com//990,12.0
www.buzzillions.com//1788,12.0
www.buzzillions.com//2848,14.0
www.buzzillions.com//2632,10.0
www.buzzillions.com//2262,12.1
www.buzzillions.com//882,
www.buzzillions.com//2777,14.0
www.buzzillions.com//2327,16.0
www.buzzillions.com//2350,10.0
www.buzzillions.com//1985,12.1
www.buzzillions.com//2700,14.0
www.buzzillions.com//2096,12.0
www.buzzillions.com//2429,10.0
www.buzzillions.com//2583,10.0
www.buzzillions.com//1878,16.0
www.buzzillions.com//2757,10.0
www.buzzillions.com//908,10.0
www.buzzillions.com//2242,16.0
www.buzzillions.com//1897,12.1
www.buzzillions.com//2868,16.0
www.buzzillions.com//2887,
www.buzzillions.com//2311,
www.buzzillions.com//1881,16.0
www.buzzillions.com//2254,
www.buzzillions.com//1028,14.0
www.buzzillions.com//2487,14.0
www.buzzillions.com//2192,10.0
www.buzzillions.com//2716,14.0
www.buzzillions.com//1839,12.3
www.buzzillions.com//1993,10.0
www.buzzillions.com//2346,
www.buzzillions.com//2203,14.0
www.buzzillions.com//1004,10.2
www.buzzillions.com//2628,8.0
www.buzzillions.com//2278,16.0
www.buzzillions.com//898,
www.buzzillions.com//877,10.2
www.buzzillions.com//1842,12.3
www.buzzillions.com//2444,
www.buzzillions.com//2917,16.0
www.buzzillions.com//2852,12.0
www.buzzillions.com//2501,14.0
www.buzzillions.com//2385,16.0
www.buzzillions.com//1053,16.0
www.buzzillions.com//2940,18.0
www.buzzillions.com//2413,8.0
www.buzzillions.com//2805,16.0
www.buzzillions.com//1045,10.0
www.buzzillions.com//2669,10.0
www.buzzillions.com//973,12.0
www.buzzillions.com//2239,16.0
www.buzzillions.com//1803,14.0
www.buzzillions.com//2686,24.0
www.buzzillions.com//2956,8.0
www.buzzillions.com//2813,12.0
www.buzzillions.com//2110,12.1
www.buzzillions.com//924,12.1
www.buzzillions.com//1911,14.0
www.buzzillions.com//1854,10.0
www.buzzillions.com//2002,24.0
www.buzzillions.com//2517,12.0
www.buzzillions.com//2147,20.0
www.buzzillions.com//2844,14.0
www.buzzillions.com//2900,12.3
www.buzzillions.com//2453,14.0
www.buzzillions.com//2003,14.0
www.buzzillions.com//2146,10.0
www.buzzillions.com//2845,14.0
www.buzzillions.com//925,
www.buzzillions.com//1013,
www.buzzillions.com//1855,16.0
www.buzzillions.com//860,14.0
www.buzzillions.com//2404,24.0
www.buzzillions.com//2111,14.0
www.buzzillions.com//2541,10.0
www.buzzillions.com//1044,14.0
www.buzzillions.com//1947,14.0
www.buzzillions.com//972,12.1
www.buzzillions.com//2392,16.0
www.buzzillions.com//1802,12.0
www.buzzillions.com//2941,18.0
www.buzzillions.com//2107,16.0
www.buzzillions.com//2384,12.0
www.buzzillions.com//964,12.0
www.buzzillions.com//1052,14.0
www.buzzillions.com//1814,16.0
www.buzzillions.com//2015,14.0
www.buzzillions.com//1793,12.1
www.buzzillions.com//2150,16.0
www.buzzillions.com//2500,14.0
www.buzzillions.com//1005,14.0
www.buzzillions.com//899,12.0
www.buzzillions.com//2279,12.1
www.buzzillions.com//2296,12.1
www.buzzillions.com//876,16.0
www.buzzillions.com//1843,14.0
www.buzzillions.com//2828,14.0
www.buzzillions.com//2081,
www.buzzillions.com//2594,12.4
www.buzzillions.com//2717,14.0
www.buzzillions.com//1838,10.0
www.buzzillions.com//2347,12.1
www.buzzillions.com//2652,12.0
www.buzzillions.com//948,14.0
www.buzzillions.com//2202,12.0
www.buzzillions.com//2193,12.0
www.buzzillions.com//2039,
www.buzzillions.com//2310,16.0
www.buzzillions.com//2740,10.0
www.buzzillions.com//1880,20.0
www.buzzillions.com//2605,16.0
www.buzzillions.com//1029,10.2
www.buzzillions.com//2869,10.0
www.buzzillions.com//2185,14.0
www.buzzillions.com//2756,16.0
www.buzzillions.com//2613,16.0
www.buzzillions.com//909,
www.buzzillions.com//2243,20.0
www.buzzillions.com//1896,12.1
www.buzzillions.com//2097,10.0
www.buzzillions.com//2078,8.0
www.buzzillions.com//2582,16.0
www.buzzillions.com//2351,14.0
www.buzzillions.com//1984,18.0
www.buzzillions.com//2633,18.0
www.buzzillions.com//883,10.0
www.buzzillions.com//1859,14.0
www.buzzillions.com//2776,12.3
www.buzzillions.com//2234,
www.buzzillions.com//2371,
www.buzzillions.com//2721,16.0
www.buzzillions.com//2408,10.0
www.buzzillions.com//2672,10.0
www.buzzillions.com//968,
www.buzzillions.com//2222,14.0
www.buzzillions.com//2367,10.2
www.buzzillions.com//987,20.0
www.buzzillions.com//2808,
www.buzzillions.com//1009,12.1
www.buzzillions.com//2330,16.0
www.buzzillions.com//2760,16.0
www.buzzillions.com//2449,12.0
www.buzzillions.com//1834,14.0
www.buzzillions.com//2577,9.0
www.buzzillions.com//2127,12.1
www.buzzillions.com//2824,10.2
www.buzzillions.com//2062,12.1
www.buzzillions.com//2598,24.0
www.buzzillions.com//856,12.1
www.buzzillions.com//1025,12.1
www.buzzillions.com//2609,12.1
www.buzzillions.com//913,16.0
www.buzzillions.com//2170,14.6
www.buzzillions.com//2520,12.1
www.buzzillions.com//2936,14.0
www.buzzillions.com//1875,10.2
www.buzzillions.com//905,14.0
www.buzzillions.com//1033,7.0
www.buzzillions.com//2473,18.0
www.buzzillions.com//2189,10.0
www.buzzillions.com//1822,10.0
www.buzzillions.com//1967,8.1
www.buzzillions.com//2648,
www.buzzillions.com//952,12.0
www.buzzillions.com//2131,8.0
www.buzzillions.com//2074,
www.buzzillions.com//2356,16.0
www.buzzillions.com//1829,14.0
www.buzzillions.com//2706,16.0
www.buzzillions.com//2213,10.0
www.buzzillions.com//2643,10.0
www.buzzillions.com//959,12.0
www.buzzillions.com//2839,14.0
www.buzzillions.com//2090,12.3
www.buzzillions.com//2585,16.0
www.buzzillions.com//2301,14.0
www.buzzillions.com//2614,24.0
www.buzzillions.com//1891,20.0
www.buzzillions.com//2244,16.0
www.buzzillions.com//1038,
www.buzzillions.com//2497,16.0
www.buzzillions.com//2881,10.0
www.buzzillions.com//2182,35.0
www.buzzillions.com//1868,20.0
www.buzzillions.com//2602,10.0
www.buzzillions.com//918,12.0
www.buzzillions.com//2878,16.0
www.buzzillions.com//2194,16.0
www.buzzillions.com//2897,16.0
www.buzzillions.com//2710,14.0
www.buzzillions.com//2340,12.0
www.buzzillions.com//2086,14.0
www.buzzillions.com//2069,20.0
www.buzzillions.com//2439,12.1
www.buzzillions.com//1901,10.0
www.buzzillions.com//2784,10.0
www.buzzillions.com//1002,8.1
www.buzzillions.com//2291,9.1
www.buzzillions.com//1794,14.0
www.buzzillions.com//2442,18.0
www.buzzillions.com//2854,10.0
www.buzzillions.com//1055,
www.buzzillions.com//2229,14.0
www.buzzillions.com//2679,10.0
www.buzzillions.com//963,16.0
www.buzzillions.com//2383,16.0
www.buzzillions.com//1813,14.0
www.buzzillions.com//2415,10.0
www.buzzillions.com//2045,14.0
www.buzzillions.com//2803,14.0
www.buzzillions.com//2550,
www.buzzillions.com//2395,16.0
www.buzzillions.com//1940,8.0
www.buzzillions.com//1805,14.0
www.buzzillions.com//2403,14.0
www.buzzillions.com//2116,
www.buzzillions.com//2815,16.0
www.buzzillions.com//1014,16.0
www.buzzillions.com//2268,10.0
www.buzzillions.com//1917,10.3
www.buzzillions.com//2638,12.1
www.buzzillions.com//2287,
www.buzzillions.com//867,16.0
www.buzzillions.com//1852,16.0
www.buzzillions.com//2004,10.0
www.buzzillions.com//1782,14.0
www.buzzillions.com//2907,16.0
www.buzzillions.com//2511,14.0
www.buzzillions.com//2141,16.0
www.buzzillions.com//2566,10.0
www.buzzillions.com//2835,
www.buzzillions.com//2970,16.0
www.buzzillions.com//2073,24.0
www.buzzillions.com//2589,10.0
www.buzzillions.com//2423,10.2
www.buzzillions.com//1825,14.0
www.buzzillions.com//955,10.0
www.buzzillions.com//1960,16.0
www.buzzillions.com//2862,14.0
www.buzzillions.com//2161,16.0
www.buzzillions.com//2927,12.1
www.buzzillions.com//1034,16.0
www.buzzillions.com//2248,12.0
www.buzzillions.com//2874,12.1
www.buzzillions.com//2931,14.0
www.buzzillions.com//2032,12.1
www.buzzillions.com//2462,10.0
www.buzzillions.com//1864,16.0
www.buzzillions.com//851,14.0
www.buzzillions.com//914,10.0
www.buzzillions.com//1022,12.0
www.buzzillions.com//2570,10.0
www.buzzillions.com//2120,
www.buzzillions.com//2435,
www.buzzillions.com//2065,
www.buzzillions.com//2966,12.1
www.buzzillions.com//1999,16.0
www.buzzillions.com//2659,10.0
www.buzzillions.com//1976,18.0
www.buzzillions.com//1798,18.0
www.buzzillions.com//1777,
www.buzzillions.com//892,14.0
www.buzzillions.com//2788,14.0
www.buzzillions.com//2622,16.0
www.buzzillions.com//938,10.0
www.buzzillions.com//2767,16.0
www.buzzillions.com//1848,10.0
www.buzzillions.com//2049,16.0
www.buzzillions.com//2675,12.4
www.buzzillions.com//2225,12.3
www.buzzillions.com//579,12.0
www.buzzillions.com//980,12.1
www.buzzillions.com//2233,16.0
www.buzzillions.com//979,16.0
www.buzzillions.com//2399,
www.buzzillions.com//996,15.0
www.buzzillions.com//1809,14.0
www.buzzillions.com//2726,16.0
www.buzzillions.com//884,8.0
www.buzzillions.com//1018,10.0
www.buzzillions.com//2321,12.1
www.buzzillions.com//885,12.1
www.buzzillions.com//2265,16.0
www.buzzillions.com//1019,14.0
www.buzzillions.com//2320,12.0
www.buzzillions.com//2009,
www.buzzillions.com//2232,10.0
www.buzzillions.com//2662,16.0
www.buzzillions.com//2398,
www.buzzillions.com//978,16.0
www.buzzillions.com//2377,8.0
www.buzzillions.com//1808,16.0
www.buzzillions.com//2727,24.0
www.buzzillions.com//2818,
www.buzzillions.com//2674,10.0
www.buzzillions.com//2224,12.0
www.buzzillions.com//2731,
www.buzzillions.com//893,12.1
www.buzzillions.com//2789,12.0
www.buzzillions.com//2623,12.1
www.buzzillions.com//939,14.0
www.buzzillions.com//2336,12.1
www.buzzillions.com//2766,35.0
www.buzzillions.com//1849,16.0
www.buzzillions.com//1776,10.0
www.buzzillions.com//1832,10.0
www.buzzillions.com//1977,12.1
www.buzzillions.com//942,14.0
www.buzzillions.com//2571,
www.buzzillions.com//2434,14.0
www.buzzillions.com//2967,14.0
www.buzzillions.com//850,16.0
www.buzzillions.com//1023,16.0
www.buzzillions.com//2526,18.0
www.buzzillions.com//2033,12.4
www.buzzillions.com//1873,14.0
www.buzzillions.com//1035,12.1
www.buzzillions.com//1936,18.0
www.buzzillions.com//903,10.0
www.buzzillions.com//2530,
www.buzzillions.com//2160,16.0
www.buzzillions.com//2475,
www.buzzillions.com//2025,10.0
www.buzzillions.com//954,
www.buzzillions.com//1961,10.0
www.buzzillions.com//2834,14.0
www.buzzillions.com//2455,14.0
www.buzzillions.com//2005,16.0
www.buzzillions.com//1783,14.0
www.buzzillions.com//2510,10.0
www.buzzillions.com//2140,16.0
www.buzzillions.com//2269,12.1
www.buzzillions.com//923,14.0
www.buzzillions.com//1853,14.0
www.buzzillions.com//2951,20.0
www.buzzillions.com//2402,12.0
www.buzzillions.com//2117,18.0
www.buzzillions.com//2547,
www.buzzillions.com//974,
www.buzzillions.com//2394,12.0
www.buzzillions.com//1941,12.0
www.buzzillions.com//1042,14.0
www.buzzillions.com//1804,10.0
www.buzzillions.com//2681,12.0
www.buzzillions.com//2414,
www.buzzillions.com//2101,12.1
www.buzzillions.com//2678,14.0
www.buzzillions.com//1957,14.0
www.buzzillions.com//2382,16.0
www.buzzillions.com//962,12.0
www.buzzillions.com//2697,20.0
www.buzzillions.com//2910,
www.buzzillions.com//2443,14.0
www.buzzillions.com//2156,14.0
www.buzzillions.com//935,16.0
www.buzzillions.com//2785,14.0
www.buzzillions.com//1003,16.0
www.buzzillions.com//1845,14.0
www.buzzillions.com//2290,16.0
www.buzzillions.com//2068,14.0
www.buzzillions.com//2438,18.0
www.buzzillions.com//2711,12.0
www.buzzillions.com//2654,
www.buzzillions.com//2879,12.0
www.buzzillions.com//2480,10.0
www.buzzillions.com//2316,20.0
www.buzzillions.com//2253,12.4
www.buzzillions.com//1886,14.0
www.buzzillions.com//919,12.0
www.buzzillions.com//2496,7.0
www.buzzillions.com//2880,12.1
www.buzzillions.com//2183,
www.buzzillions.com//2750,10.0
www.buzzillions.com//2300,18.0
www.buzzillions.com//2615,
www.buzzillions.com//2245,16.0
www.buzzillions.com//1039,6.1
www.buzzillions.com//2091,12.0
www.buzzillions.com//2584,20.0
www.buzzillions.com//1828,12.4
www.buzzillions.com//2707,8.0
www.buzzillions.com//2642,14.0
www.buzzillions.com//2143,12.0
www.buzzillions.com//2840,12.0
www.buzzillions.com//1780,12.1
www.buzzillions.com//2905,12.0
www.buzzillions.com//2456,18.0
www.buzzillions.com//865,16.0
www.buzzillions.com//2285,16.0
www.buzzillions.com//1850,12.1
www.buzzillions.com//1915,20.0
www.buzzillions.com//920,
www.buzzillions.com//1016,16.0
www.buzzillions.com//2817,
www.buzzillions.com//2544,
www.buzzillions.com//2051,10.0
www.buzzillions.com//2401,12.0
www.buzzillions.com//2952,16.0
www.buzzillions.com//2728,12.0
www.buzzillions.com//1807,
www.buzzillions.com//998,16.0
www.buzzillions.com//2682,16.0
www.buzzillions.com//1041,18.0
www.buzzillions.com//1942,12.0
www.buzzillions.com//2801,14.0
www.buzzillions.com//2944,12.0
www.buzzillions.com//2047,16.0
www.buzzillions.com//2694,12.0
www.buzzillions.com//1954,12.0
www.buzzillions.com//2381,12.0
www.buzzillions.com//1779,10.0
www.buzzillions.com//2440,18.0
www.buzzillions.com//2913,7.1
www.buzzillions.com//1796,24.0
www.buzzillions.com//1846,14.0
www.buzzillions.com//2769,14.0
www.buzzillions.com//2293,16.0
www.buzzillions.com//873,8.2
www.buzzillions.com//2339,10.0
www.buzzillions.com//1000,16.0
www.buzzillions.com//936,12.0
www.buzzillions.com//2591,14.0
www.buzzillions.com//1978,14.0
www.buzzillions.com//2712,14.0
www.buzzillions.com//1997,14.0
www.buzzillions.com//2895,8.0
www.buzzillions.com//2529,14.0
www.buzzillions.com//2179,16.0
www.buzzillions.com//2483,16.0
www.buzzillions.com//1885,16.0
www.buzzillions.com//2600,
www.buzzillions.com//2315,16.0
www.buzzillions.com//2929,16.0
www.buzzillions.com//2883,
www.buzzillions.com//2495,16.0
www.buzzillions.com//2616,16.0
www.buzzillions.com//2246,12.0
www.buzzillions.com//849,12.1
www.buzzillions.com//2587,14.0
www.buzzillions.com//2568,16.0
www.buzzillions.com//2641,16.0
www.buzzillions.com//1981,12.0
www.buzzillions.com//869,16.0
www.buzzillions.com//2636,8.0
www.buzzillions.com//1919,12.0
www.buzzillions.com//2266,14.0
www.buzzillions.com//2909,16.0
www.buzzillions.com//994,10.0
www.buzzillions.com//2724,
www.buzzillions.com//2661,12.1
www.buzzillions.com//2548,8.0
www.buzzillions.com//2118,16.0
www.buzzillions.com//982,16.0
www.buzzillions.com//2698,14.0
www.buzzillions.com//2677,14.0
www.buzzillions.com//2765,12.0
www.buzzillions.com//2270,16.0
www.buzzillions.com//890,14.0
www.buzzillions.com//2509,12.1
www.buzzillions.com//1974,16.0
www.buzzillions.com//941,16.0
www.buzzillions.com//1831,12.0
www.buzzillions.com//2964,
www.buzzillions.com//2437,
www.buzzillions.com//2067,12.3
www.buzzillions.com//2572,16.0
www.buzzillions.com//2088,10.0
www.buzzillions.com//2122,14.0
www.buzzillions.com//2821,16.0
www.buzzillions.com//1020,12.1
www.buzzillions.com//916,16.0
www.buzzillions.com//1889,14.0
www.buzzillions.com//1866,14.6
www.buzzillions.com//2749,12.3
www.buzzillions.com//853,14.0
www.buzzillions.com//2460,16.0
www.buzzillions.com//2933,14.0
www.buzzillions.com//2899,14.0
www.buzzillions.com//2876,
www.buzzillions.com//1935,16.0
www.buzzillions.com//900,14.0
www.buzzillions.com//1036,14.6
www.buzzillions.com//1870,
www.buzzillions.com//2533,12.0
www.buzzillions.com//2163,12.0
www.buzzillions.com//957,14.0
www.buzzillions.com//1827,12.1
www.buzzillions.com//2071,10.2
www.buzzillions.com//2421,16.0
www.buzzillions.com//2837,16.0
www.buzzillions.com//2564,14.0
www.buzzillions.com//2070,16.0
www.buzzillions.com//2420,16.0
www.buzzillions.com//2973,12.1
www.buzzillions.com//2135,14.0
www.buzzillions.com//956,16.0
www.buzzillions.com//1963,12.0
www.buzzillions.com//2359,10.0
www.buzzillions.com//2924,12.0
www.buzzillions.com//2027,16.0
www.buzzillions.com//2162,12.1
www.buzzillions.com//1934,
www.buzzillions.com//901,16.0
www.buzzillions.com//1037,18.0
www.buzzillions.com//1871,16.0
www.buzzillions.com//2461,14.0
www.buzzillions.com//2932,10.2
www.buzzillions.com//2898,10.0
www.buzzillions.com//2877,16.0
www.buzzillions.com//2524,16.0
www.buzzillions.com//917,14.0
www.buzzillions.com//2748,16.0
www.buzzillions.com//852,10.0
www.buzzillions.com//2436,24.0
www.buzzillions.com//2573,14.0
www.buzzillions.com//2820,16.0
www.buzzillions.com//1975,12.1
www.buzzillions.com//940,16.0
www.buzzillions.com//1830,16.0
www.buzzillions.com//2158,14.0
www.buzzillions.com//1774,16.0
www.buzzillions.com//2334,20.0
www.buzzillions.com//2764,18.0
www.buzzillions.com//891,12.0
www.buzzillions.com//2271,16.0
www.buzzillions.com//2621,16.0
www.buzzillions.com//2949,16.0
www.buzzillions.com//2733,16.0
www.buzzillions.com//983,
www.buzzillions.com//2699,12.0
www.buzzillions.com//2549,16.0
www.buzzillions.com//2119,14.0
www.buzzillions.com//2375,14.0
www.buzzillions.com//995,12.1
www.buzzillions.com//2725,12.1
www.buzzillions.com//2660,12.4
www.buzzillions.com//2908,16.0
www.buzzillions.com//868,16.0
www.buzzillions.com//1918,16.0
www.buzzillions.com//2267,10.2
www.buzzillions.com//887,12.0
www.buzzillions.com//2210,12.1
www.buzzillions.com//2640,16.0
www.buzzillions.com//2139,
www.buzzillions.com//2617,12.1
www.buzzillions.com//1938,10.0
www.buzzillions.com//2752,16.0
www.buzzillions.com//848,16.0
www.buzzillions.com//2302,16.0
www.buzzillions.com//1884,12.1
www.buzzillions.com//2314,10.0
www.buzzillions.com//2894,14.0
www.buzzillions.com//1979,12.4
www.buzzillions.com//2656,14.0
www.buzzillions.com//2206,12.0
www.buzzillions.com//2713,12.1
www.buzzillions.com//1996,12.0
www.buzzillions.com//2768,16.0
www.buzzillions.com//872,12.0
www.buzzillions.com//2292,14.0
www.buzzillions.com//1001,16.0
www.buzzillions.com//937,12.0
www.buzzillions.com//1902,14.0
www.buzzillions.com//2787,16.0
www.buzzillions.com//1778,12.1
www.buzzillions.com//2857,
www.buzzillions.com//2154,12.4
www.buzzillions.com//1797,24.0
www.buzzillions.com//960,18.0
www.buzzillions.com//2553,14.0
www.buzzillions.com//2800,16.0
www.buzzillions.com//2416,16.0
www.buzzillions.com//999,14.0
www.buzzillions.com//2683,12.1
www.buzzillions.com//1040,
www.buzzillions.com//976,12.1
www.buzzillions.com//1943,10.0
www.buzzillions.com//2545,9.0
www.buzzillions.com//2953,14.0
www.buzzillions.com//649,21.1
www.buzzillions.com//864,10.0
www.buzzillions.com//1914,16.0
www.buzzillions.com//2142,12.4
www.buzzillions.com//1781,7.1
www.buzzillions.com//2904,14.0
www.buzzillions.com//2007,12.0
www.buzzillions.com//2630,14.0
www.buzzillions.com//2260,14.0
www.buzzillions.com//2149,
www.buzzillions.com//2519,16.0
www.buzzillions.com//992,12.0
www.buzzillions.com//2667,14.0
www.buzzillions.com//1948,12.0
www.buzzillions.com//2364,16.0
www.buzzillions.com//2671,8.0
www.buzzillions.com//2221,16.0
www.buzzillions.com//2108,24.0
www.buzzillions.com//2333,9.0
www.buzzillions.com//879,7.1
www.buzzillions.com//2299,12.0
www.buzzillions.com//2276,12.0
www.buzzillions.com//896,10.2
www.buzzillions.com//1909,14.0
www.buzzillions.com//2626,12.1
www.buzzillions.com//1972,10.0
www.buzzillions.com//2348,24.0
www.buzzillions.com//1837,12.0
www.buzzillions.com//2827,14.0
www.buzzillions.com//2574,16.0
www.buzzillions.com//2124,14.0
www.buzzillions.com//1925,12.1
www.buzzillions.com//910,16.0
www.buzzillions.com//855,10.0
www.buzzillions.com//1860,12.1
www.buzzillions.com//2173,15.0
www.buzzillions.com//1030,
www.buzzillions.com//1899,16.0
www.buzzillions.com//906,12.0
www.buzzillions.com//2309,14.0
www.buzzillions.com//2759,12.1
www.buzzillions.com//1876,10.0
www.buzzillions.com//2470,14.0
www.buzzillions.com//2923,18.0
www.buzzillions.com//2866,16.0
www.buzzillions.com//2535,10.0
www.buzzillions.com//951,16.0
www.buzzillions.com//2974,14.0
www.buzzillions.com//2132,
www.buzzillions.com//2562,14.0
www.buzzillions.com//2098,10.0
www.buzzillions.com//2846,14.0
www.buzzillions.com//2515,10.2
www.buzzillions.com//2145,
www.buzzillions.com//1786,16.0
www.buzzillions.com//2903,24.0
www.buzzillions.com//1856,16.0
www.buzzillions.com//863,14.0
www.buzzillions.com//1010,14.0
www.buzzillions.com//2796,16.0
www.buzzillions.com//1913,14.0
www.buzzillions.com//2112,14.0
www.buzzillions.com//2542,12.1
www.buzzillions.com//2954,16.0
www.buzzillions.com//1801,10.0
www.buzzillions.com//971,14.0
www.buzzillions.com//1047,
www.buzzillions.com//2807,16.0
www.buzzillions.com//2104,12.1
www.buzzillions.com//2041,14.0
www.buzzillions.com//988,10.0
www.buzzillions.com//2692,16.0
www.buzzillions.com//1817,8.0
www.buzzillions.com//2738,12.1
www.buzzillions.com//1051,12.0
www.buzzillions.com//2387,16.0
www.buzzillions.com//2153,14.0
www.buzzillions.com//2503,14.0
www.buzzillions.com//2016,16.0
www.buzzillions.com//2446,16.0
www.buzzillions.com//1905,9.0
www.buzzillions.com//2780,14.0
www.buzzillions.com//1006,14.0
www.buzzillions.com//2578,10.0
www.buzzillions.com//2893,24.0
www.buzzillions.com//2939,16.0
www.buzzillions.com//2485,12.1
www.buzzillions.com//1883,14.6
www.buzzillions.com//1929,14.0
www.buzzillions.com//859,14.0
www.buzzillions.com//2885,18.0
www.buzzillions.com//2493,16.0
www.buzzillions.com//2610,
www.buzzillions.com//2240,14.0
www.buzzillions.com//2755,8.1
www.buzzillions.com//2581,8.0
www.buzzillions.com//2094,14.0
www.buzzillions.com//2352,10.0
www.buzzillions.com//1987,
www.buzzillions.com//2702,12.3
www.buzzillions.com//2216,10.0
www.buzzillions.com//2353,14.0
www.buzzillions.com//1986,12.0
www.buzzillions.com//2703,14.0
www.buzzillions.com//2095,
www.buzzillions.com//2611,
www.buzzillions.com//2241,12.1
www.buzzillions.com//1894,12.0
www.buzzillions.com//2754,
www.buzzillions.com//2304,24.0
www.buzzillions.com//2884,14.0
www.buzzillions.com//2187,16.0
www.buzzillions.com//2538,24.0
www.buzzillions.com//1882,12.0
www.buzzillions.com//2257,12.0
www.buzzillions.com//2607,12.1
www.buzzillions.com//2742,12.3
www.buzzillions.com//858,12.0
www.buzzillions.com//2892,16.0
www.buzzillions.com//2938,16.0
www.buzzillions.com//2484,20.0
www.buzzillions.com//2650,18.0
www.buzzillions.com//2200,12.0
www.buzzillions.com//2715,14.0
www.buzzillions.com//2596,
www.buzzillions.com//2129,16.0
www.buzzillions.com//874,14.0
www.buzzillions.com//2294,12.1
www.buzzillions.com//1841,24.0
www.buzzillions.com//1007,14.0
www.buzzillions.com//2152,15.0
www.buzzillions.com//2914,16.0
www.buzzillions.com//1791,14.0
www.buzzillions.com//2447,16.0
www.buzzillions.com//989,12.0
www.buzzillions.com//2693,12.1
www.buzzillions.com//2386,7.0
www.buzzillions.com//1953,
www.buzzillions.com//2555,14.0
www.buzzillions.com//2105,24.0
www.buzzillions.com//2410,
www.buzzillions.com//2943,10.0
www.buzzillions.com//1945,12.0
www.buzzillions.com//2390,14.0
www.buzzillions.com//970,12.1
www.buzzillions.com//1046,12.1
www.buzzillions.com//2113,18.0
www.buzzillions.com//2543,12.3
www.buzzillions.com//2810,15.0
www.buzzillions.com//2955,16.0
www.buzzillions.com//2056,14.0
www.buzzillions.com//2406,12.0
www.buzzillions.com//2328,12.1
www.buzzillions.com//1857,16.0
www.buzzillions.com//862,12.0
www.buzzillions.com//1011,
www.buzzillions.com//1912,12.1
www.buzzillions.com//2514,14.0
www.buzzillions.com//2001,16.0
www.buzzillions.com//2076,14.0
www.buzzillions.com//2426,12.0
www.buzzillions.com//2563,16.0
www.buzzillions.com//950,14.0
www.buzzillions.com//1820,14.0
www.buzzillions.com//2471,16.0
www.buzzillions.com//2021,12.1
www.buzzillions.com//2888,14.0
www.buzzillions.com//2922,12.1
www.buzzillions.com//2164,12.0
www.buzzillions.com//1031,
www.buzzillions.com//1898,14.0
www.buzzillions.com//907,14.0
www.buzzillions.com//1932,24.0
www.buzzillions.com//2467,14.0
www.buzzillions.com//2172,12.3
www.buzzillions.com//2488,14.0
www.buzzillions.com//2871,12.0
www.buzzillions.com//1924,12.0
www.buzzillions.com//911,
www.buzzillions.com//1027,9.1
www.buzzillions.com//854,18.0
www.buzzillions.com//1861,
www.buzzillions.com//2430,24.0
www.buzzillions.com//2125,12.0
www.buzzillions.com//946,8.2
www.buzzillions.com//1973,
www.buzzillions.com//2349,16.0
www.buzzillions.com//2719,21.1
www.buzzillions.com//2332,16.0
www.buzzillions.com//2298,10.0
www.buzzillions.com//878,14.0
www.buzzillions.com//897,12.1
www.buzzillions.com//2277,20.0
www.buzzillions.com//1908,20.0
www.buzzillions.com//2627,
www.buzzillions.com//2109,12.0
www.buzzillions.com//2559,16.0
www.buzzillions.com//985,10.2
www.buzzillions.com//2670,14.0
www.buzzillions.com//2220,
www.buzzillions.com//2959,10.0
www.buzzillions.com//2373,12.3
www.buzzillions.com//2723,16.0
www.buzzillions.com//2236,12.1
www.buzzillions.com//1949,14.0
www.buzzillions.com//2148,24.0
www.buzzillions.com//2518,16.0
www.buzzillions.com//2324,12.0
www.buzzillions.com//2261,
www.buzzillions.com//881,
