spec_id,brand
www.camerafarm.com.au//819,nikon
www.camerafarm.com.au//824,canon
www.camerafarm.com.au//726,canon
www.camerafarm.com.au//796,
www.camerafarm.com.au//810,canon
www.camerafarm.com.au//793,
www.camerafarm.com.au//811,nikon
www.camerafarm.com.au//779,sony
www.camerafarm.com.au//733,canon
www.camerafarm.com.au//772,sony
www.camerafarm.com.au//737,nikon
www.camerafarm.com.au//743,
www.camerafarm.com.au//708,sony
www.camerafarm.com.au//822,nikon
www.camerafarm.com.au//775,fujifilm
www.camerafarm.com.au//716,nikon
www.camerafarm.com.au//741,canon
www.camerafarm.com.au//770,
www.camerafarm.com.au//750,canon
www.camerafarm.com.au//728,nikon
www.camerafarm.com.au//841,nikon
www.camerafarm.com.au//837,canon
www.camerafarm.com.au//786,sony
www.camerafarm.com.au//816,samsung
www.camerafarm.com.au//817,
www.camerafarm.com.au//807,nikon
www.camerafarm.com.au//771,sony
www.camerafarm.com.au//803,nikon
www.camerafarm.com.au//769,nikon
www.camerafarm.com.au//838,nikon
www.camerafarm.com.au//843,olympus
www.camerafarm.com.au//753,canon
www.camerafarm.com.au//818,canon
www.camerafarm.com.au//820,samsung
www.camerafarm.com.au//805,nikon
www.camerafarm.com.au//706,canon
www.camerafarm.com.au//764,canon
www.camerafarm.com.au//774,nikon
www.camerafarm.com.au//734,nikon
www.camerafarm.com.au//763,
www.camerafarm.com.au//785,nikon
www.camerafarm.com.au//780,
www.camerafarm.com.au//827,nikon
www.camerafarm.com.au//742,sony
www.camerafarm.com.au//784,canon
www.camerafarm.com.au//788,canon
www.camerafarm.com.au//744,canon
www.camerafarm.com.au//832,nikon
www.camerafarm.com.au//768,canon
www.camerafarm.com.au//582,nikon
www.camerafarm.com.au//758,nikon
www.camerafarm.com.au//732,sony
www.camerafarm.com.au//735,nikon
www.camerafarm.com.au//762,canon
www.camerafarm.com.au//723,olympus
www.camerafarm.com.au//798,canon
www.camerafarm.com.au//781,nikon
www.camerafarm.com.au//830,samsung
www.camerafarm.com.au//829,canon
www.camerafarm.com.au//710,nikon
www.camerafarm.com.au//740,nikon
www.camerafarm.com.au//773,canon
www.camerafarm.com.au//738,nikon
www.camerafarm.com.au//747,samsung
www.camerafarm.com.au//804,
www.camerafarm.com.au//836,canon
www.camerafarm.com.au//835,nikon
www.camerafarm.com.au//821,nikon
www.camerafarm.com.au//806,
www.camerafarm.com.au//709,canon
www.camerafarm.com.au//749,nikon
www.camerafarm.com.au//711,canon
www.camerafarm.com.au//797,canon
www.camerafarm.com.au//825,samsung
www.camerafarm.com.au//714,nikon
www.camerafarm.com.au//718,
www.camerafarm.com.au//815,canon
www.camerafarm.com.au//712,
www.camerafarm.com.au//715,olympus
www.camerafarm.com.au//826,samsung
www.camerafarm.com.au//755,
www.camerafarm.com.au//739,nikon
www.camerafarm.com.au//834,nikon
www.camerafarm.com.au//724,nikon
www.camerafarm.com.au//760,nikon
www.camerafarm.com.au//787,nikon
www.camerafarm.com.au//731,sony
www.camerafarm.com.au//685,sony
www.camerafarm.com.au//777,nikon
www.camerafarm.com.au//828,nikon
www.camerafarm.com.au//754,nikon
www.camerafarm.com.au//823,
www.camerafarm.com.au//767,nikon
www.camerafarm.com.au//721,nikon
www.camerafarm.com.au//761,samsung
www.camerafarm.com.au//813,nikon
www.camerafarm.com.au//792,sony
www.camerafarm.com.au//812,
www.camerafarm.com.au//766,nikon
www.camerafarm.com.au//730,nikon
www.camerafarm.com.au//727,nikon
www.camerafarm.com.au//717,nikon
www.camerafarm.com.au//720,canon
www.camerafarm.com.au//790,nikon
www.camerafarm.com.au//707,canon
www.camerafarm.com.au//756,canon
www.camerafarm.com.au//757,
www.camerafarm.com.au//759,canon
www.camerafarm.com.au//751,canon
www.camerafarm.com.au//789,
www.camerafarm.com.au//752,
www.camerafarm.com.au//705,canon
www.camerafarm.com.au//831,nikon
www.camerafarm.com.au//745,canon
www.camerafarm.com.au//802,nikon
www.camerafarm.com.au//746,nikon
www.camerafarm.com.au//783,nikon
www.camerafarm.com.au//814,nikon
www.camerafarm.com.au//729,canon
www.camerafarm.com.au//778,canon
